1,FTSQ,LOCAL,NOPART,SHOES,DK,NOINDEX,0.12,0.04,0.13,0.09,0.05
2,PQ,LOCAL,NOPART,SHOES,DK,NOINDEX,0.08,0.03,0.03,0.03,0.02
3,PQ,LOCAL,NOPART,SHOES,DK,NOINDEX,0.03,0.03,0.06,0.03,0.03
4,PQ,LOCAL,NOPART,SHOES,DK,NOINDEX,0.02,0.01,0.01,0.02,0.02
5,PQ,LOCAL,NOPART,SHOES,DK,NOINDEX,0.07,0.02,0.02,0.03,0.04
6,PQ,LOCAL,NOPART,SHOES,DK,NOINDEX,0.14,0.07,0.04,0.02,0.02
7,PQ,LOCAL,NOPART,SHOES,DK,NOINDEX,0.05,0.03,0.02,0.02,0.01
8,PMSQ,LOCAL,NOPART,SHOES,DK,NOINDEX,0.08,0.03,0.03,0.02,0.02
9,PMSQ,LOCAL,NOPART,SHOES,DK,NOINDEX,0.03,0.03,0.03,0.03,0.03
10,PMSQ,LOCAL,NOPART,SHOES,DK,NOINDEX,1.41,0.34,0.72,0.67,1.24
11,PMSQ,LOCAL,NOPART,SHOES,DK,NOINDEX,0.14,0.12,0.49,0.23,0.26
12,PMSQ,LOCAL,NOPART,SHOES,DK,NOINDEX,2.33,1.10,1.73,0.81,2.09
13,PMSQ,LOCAL,NOPART,SHOES,DK,NOINDEX,0.32,0.20,0.19,0.15,0.15
14,AQ,LOCAL,NOPART,SHOES,DK,NOINDEX,0.06,0.04,0.03,0.03,0.05
15,AQ,LOCAL,NOPART,SHOES,DK,NOINDEX,0.13,0.05,0.06,0.04,0.04
16,AQ,LOCAL,NOPART,SHOES,DK,NOINDEX,0.02,0.02,0.01,0.02,0.02
17,AQ,LOCAL,NOPART,SHOES,DK,NOINDEX,0.02,0.02,0.01,0.02,0.02
18,AQ,LOCAL,NOPART,SHOES,DK,NOINDEX,0.02,0.01,0.01,0.02,0.01
19,DQ,LOCAL,NOPART,SHOES,DK,NOINDEX,0.04,0.03,0.03,0.03,0.04
20,DQ,LOCAL,NOPART,SHOES,DK,NOINDEX,0.05,0.04,0.05,0.07,0.05
21,CFQ,LOCAL,NOPART,SHOES,DK,NOINDEX,0.04,0.02,0.03,0.02,0.02
22,CFQ,LOCAL,NOPART,SHOES,DK,NOINDEX,0.04,0.02,0.03,0.02,0.04
23,CFQ,LOCAL,NOPART,SHOES,DK,NOINDEX,0.02,0.02,0.02,0.02,0.02
24,CFQ,LOCAL,NOPART,SHOES,DK,NOINDEX,0.05,0.04,0.04,0.05,0.03
25,CFQ,LOCAL,NOPART,SHOES,DK,NOINDEX,0.35,1.08,0.81,0.25,0.25
26,NQ,LOCAL,NOPART,SHOES|SHOES|SHOES,DK,NOINDEX,2.13,1.28,0.69,0.62,1.29
27,NQ,LOCAL,NOPART,SHOES|SHOES,DK,NOINDEX,0.35,0.76,0.36,0.33,0.36
28,NQ,LOCAL,NOPART,SHOES,DK,NOINDEX,0.05,0.05,0.04,0.03,0.03
29,WFQ,LOCAL,NOPART,SHOES,DK,NOINDEX,3.84,2.28,1.38,1.63,1.68
30,WFQ,LOCAL,NOPART,SHOES,DK,NOINDEX,0.73,0.71,0.71,0.76,0.69
31,WFQ,LOCAL,NOPART,SHOES,DK,NOINDEX,0.73,0.73,0.81,0.77,0.73
32,FTSQ,DIST,NOPART,SHOES,DK,NOINDEX,0.02,0.02,0.03,0.02,0.02
33,PQ,DIST,NOPART,SHOES,DK,NOINDEX,0.02,0.02,0.01,0.01,0.01
34,PQ,DIST,NOPART,SHOES,DK,NOINDEX,0.02,0.01,0.02,0.01,0.01
35,PQ,DIST,NOPART,SHOES,DK,NOINDEX,0.03,0.03,0.03,0.03,0.04
36,PQ,DIST,NOPART,SHOES,DK,NOINDEX,0.01,0.02,0.02,0.02,0.02
37,PQ,DIST,NOPART,SHOES,DK,NOINDEX,0.03,0.03,0.02,0.03,0.03
38,PMSQ,DIST,NOPART,SHOES,DK,NOINDEX,0.03,0.02,0.02,0.03,0.03
39,PMSQ,DIST,NOPART,SHOES,DK,NOINDEX,0.03,0.02,0.02,0.03,0.02
40,PMSQ,DIST,NOPART,SHOES,DK,NOINDEX,0.26,0.25,0.25,0.23,0.25
41,PMSQ,DIST,NOPART,SHOES,DK,NOINDEX,0.14,0.14,0.15,0.14,0.13
42,PMSQ,DIST,NOPART,SHOES,DK,NOINDEX,0.30,0.32,0.33,0.31,0.31
43,PMSQ,DIST,NOPART,SHOES,DK,NOINDEX,0.16,0.16,0.17,0.17,0.15
44,AQ,DIST,NOPART,SHOES,DK,NOINDEX,0.04,0.04,0.03,0.04,0.03
45,AQ,DIST,NOPART,SHOES,DK,NOINDEX,0.03,0.03,0.03,0.03,0.04
46,AQ,DIST,NOPART,SHOES,DK,NOINDEX,0.01,0.02,0.02,0.02,0.02
47,AQ,DIST,NOPART,SHOES,DK,NOINDEX,0.02,0.02,0.02,0.02,0.01
48,AQ,DIST,NOPART,SHOES,DK,NOINDEX,0.02,0.01,0.01,0.02,0.02
49,DQ,DIST,NOPART,SHOES,DK,NOINDEX,0.03,0.03,0.03,0.03,0.04
50,DQ,DIST,NOPART,SHOES,DK,NOINDEX,0.03,0.03,0.03,0.04,0.03
51,CFQ,DIST,NOPART,SHOES,DK,NOINDEX,0.02,0.03,0.02,0.02,0.02
52,CFQ,DIST,NOPART,SHOES,DK,NOINDEX,0.02,0.02,0.02,0.02,0.02
53,CFQ,DIST,NOPART,SHOES,DK,NOINDEX,0.02,0.02,0.02,0.02,0.02
54,CFQ,DIST,NOPART,SHOES,DK,NOINDEX,0.03,0.04,0.03,0.03,0.03
55,CFQ,DIST,NOPART,SHOES,DK,NOINDEX,0.24,0.26,0.25,0.29,0.25
56,NQ,DIST,NOPART,SHOES|SHOES|SHOES,DK,NOINDEX,0.57,0.53,0.53,0.51,0.49
57,NQ,DIST,NOPART,SHOES|SHOES,DK,NOINDEX,0.34,0.33,0.32,0.34,0.33
58,NQ,DIST,NOPART,SHOES,DK,NOINDEX,0.03,0.03,0.03,0.03,0.04
59,WFQ,DIST,NOPART,SHOES,DK,NOINDEX,2.12,1.55,1.51,1.33,0.99
60,WFQ,DIST,NOPART,SHOES,DK,NOINDEX,0.83,0.80,0.80,0.85,0.87
61,WFQ,DIST,NOPART,SHOES,DK,NOINDEX,0.97,0.73,0.69,0.74,0.68
62,FTSQ,LOCAL,PART,SHOES,DK,NOINDEX,0.02,0.02,0.02,0.02,0.02
63,PQ,LOCAL,PART,SHOES,DK,NOINDEX,0.04,0.02,0.02,0.02,0.02
64,PQ,LOCAL,PART,SHOES,DK,NOINDEX,0.03,0.02,0.02,0.03,0.02
65,PQ,LOCAL,PART,SHOES,DK,NOINDEX,0.02,0.02,0.02,0.02,0.02
66,PQ,LOCAL,PART,SHOES,DK,NOINDEX,0.02,0.01,0.01,0.01,0.02
67,PQ,LOCAL,PART,SHOES,DK,NOINDEX,0.03,0.02,0.02,0.02,0.03
68,PQ,LOCAL,PART,SHOES,DK,NOINDEX,0.04,0.02,0.02,0.03,0.03
69,PMSQ,LOCAL,PART,SHOES,DK,NOINDEX,0.06,0.02,0.02,0.03,0.02
70,PMSQ,LOCAL,PART,SHOES,DK,NOINDEX,0.03,0.02,0.02,0.03,0.02
71,PMSQ,LOCAL,PART,SHOES,DK,NOINDEX,0.27,0.28,0.29,0.25,0.27
72,PMSQ,LOCAL,PART,SHOES,DK,NOINDEX,0.17,0.18,0.16,0.17,0.17
73,PMSQ,LOCAL,PART,SHOES,DK,NOINDEX,0.29,0.30,0.29,0.28,0.28
74,PMSQ,LOCAL,PART,SHOES,DK,NOINDEX,0.15,0.14,0.14,0.14,0.15
75,AQ,LOCAL,PART,SHOES,DK,NOINDEX,0.05,0.06,0.05,0.05,0.06
76,AQ,LOCAL,PART,SHOES,DK,NOINDEX,0.05,0.05,0.06,0.06,0.06
77,AQ,LOCAL,PART,SHOES,DK,NOINDEX,0.03,0.03,0.03,0.03,0.03
78,AQ,LOCAL,PART,SHOES,DK,NOINDEX,0.03,0.03,0.03,0.02,0.02
79,AQ,LOCAL,PART,SHOES,DK,NOINDEX,0.02,0.02,0.03,0.03,0.02
80,DQ,LOCAL,PART,SHOES,DK,NOINDEX,0.04,0.06,0.06,0.05,0.04
81,DQ,LOCAL,PART,SHOES,DK,NOINDEX,0.04,0.04,0.04,0.04,0.05
82,CFQ,LOCAL,PART,SHOES,DK,NOINDEX,0.02,0.01,0.01,0.01,0.01
83,CFQ,LOCAL,PART,SHOES,DK,NOINDEX,0.02,0.02,0.02,0.02,0.02
84,CFQ,LOCAL,PART,SHOES,DK,NOINDEX,0.02,0.02,0.02,0.02,0.02
85,CFQ,LOCAL,PART,SHOES,DK,NOINDEX,0.05,0.05,0.05,0.04,0.04
86,CFQ,LOCAL,PART,SHOES,DK,NOINDEX,0.32,0.28,0.26,0.27,0.27
87,NQ,LOCAL,PART,SHOES|SHOES|SHOES,DK,NOINDEX,0.58,0.51,0.56,0.52,0.56
88,NQ,LOCAL,PART,SHOES|SHOES,DK,NOINDEX,0.32,0.34,0.30,0.32,0.32
89,NQ,LOCAL,PART,SHOES,DK,NOINDEX,0.05,0.04,0.04,0.05,0.04
90,WFQ,LOCAL,PART,SHOES,DK,NOINDEX,1.07,1.59,1.12,1.12,0.91
91,WFQ,LOCAL,PART,SHOES,DK,NOINDEX,0.78,0.69,0.73,0.70,0.67
92,WFQ,LOCAL,PART,SHOES,DK,NOINDEX,0.73,0.79,0.79,0.70,0.77
93,FTSQ,DIST,PART,SHOES,DK,NOINDEX,0.03,0.03,0.03,0.03,0.02
94,PQ,DIST,PART,SHOES,DK,NOINDEX,0.02,0.02,0.02,0.02,0.01
95,PQ,DIST,PART,SHOES,DK,NOINDEX,0.02,0.01,0.02,0.02,0.02
96,PQ,DIST,PART,SHOES,DK,NOINDEX,0.02,0.02,0.02,0.02,0.02
97,PQ,DIST,PART,SHOES,DK,NOINDEX,0.02,0.01,0.01,0.02,0.02
98,PQ,DIST,PART,SHOES,DK,NOINDEX,0.02,0.02,0.03,0.03,0.02
99,PQ,DIST,PART,SHOES,DK,NOINDEX,0.03,0.03,0.02,0.03,0.02
100,PMSQ,DIST,PART,SHOES,DK,NOINDEX,0.07,0.05,0.03,0.03,0.02
101,PMSQ,DIST,PART,SHOES,DK,NOINDEX,0.03,0.03,0.03,0.03,0.03
102,PMSQ,DIST,PART,SHOES,DK,NOINDEX,0.33,0.24,0.25,0.24,0.26
103,PMSQ,DIST,PART,SHOES,DK,NOINDEX,0.14,0.14,0.14,0.13,0.15
104,PMSQ,DIST,PART,SHOES,DK,NOINDEX,0.31,0.31,0.38,0.29,0.31
105,PMSQ,DIST,PART,SHOES,DK,NOINDEX,0.15,0.16,0.15,0.15,0.15
106,AQ,DIST,PART,SHOES,DK,NOINDEX,0.04,0.04,0.05,0.04,0.04
107,AQ,DIST,PART,SHOES,DK,NOINDEX,0.04,0.04,0.05,0.06,0.05
108,AQ,DIST,PART,SHOES,DK,NOINDEX,0.03,0.02,0.02,0.02,0.02
109,AQ,DIST,PART,SHOES,DK,NOINDEX,0.03,0.03,0.02,0.02,0.02
110,AQ,DIST,PART,SHOES,DK,NOINDEX,0.02,0.02,0.02,0.02,0.02
111,DQ,DIST,PART,SHOES,DK,NOINDEX,0.04,0.04,0.04,0.03,0.04
112,DQ,DIST,PART,SHOES,DK,NOINDEX,0.03,0.04,0.04,0.03,0.05
113,CFQ,DIST,PART,SHOES,DK,NOINDEX,0.02,0.02,0.02,0.02,0.02
114,CFQ,DIST,PART,SHOES,DK,NOINDEX,0.02,0.02,0.02,0.02,0.02
115,CFQ,DIST,PART,SHOES,DK,NOINDEX,0.02,0.02,0.01,0.01,0.02
116,CFQ,DIST,PART,SHOES,DK,NOINDEX,0.04,0.03,0.04,0.03,0.04
117,CFQ,DIST,PART,SHOES,DK,NOINDEX,0.27,0.33,0.27,0.28,0.29
118,NQ,DIST,PART,SHOES|SHOES|SHOES,DK,NOINDEX,0.55,0.59,0.56,0.51,0.51
119,NQ,DIST,PART,SHOES|SHOES,DK,NOINDEX,0.30,0.29,0.30,0.31,0.29
120,NQ,DIST,PART,SHOES,DK,NOINDEX,0.04,0.04,0.04,0.04,0.04
121,WFQ,DIST,PART,SHOES,DK,NOINDEX,0.90,1.53,0.88,0.97,1.15
122,WFQ,DIST,PART,SHOES,DK,NOINDEX,0.65,0.70,0.70,0.72,0.65
123,WFQ,DIST,PART,SHOES,DK,NOINDEX,0.70,0.65,0.75,0.67,0.71
124,FTSQ,LOCAL,PART,SHOES,DK,NGBF,0.03,0.02,0.03,0.02,0.02
125,PQ,LOCAL,PART,SHOES,DK,NGBF,0.04,0.03,0.02,0.02,0.02
126,PQ,LOCAL,PART,SHOES,DK,NGBF,0.03,0.02,0.01,0.02,0.02
127,PQ,LOCAL,PART,SHOES,DK,NGBF,0.02,0.02,0.02,0.03,0.02
128,PQ,LOCAL,PART,SHOES,DK,NGBF,0.02,0.02,0.01,0.02,0.02
129,PQ,LOCAL,PART,SHOES,DK,NGBF,0.03,0.03,0.02,0.03,0.03
130,PQ,LOCAL,PART,SHOES,DK,NGBF,0.03,0.02,0.02,0.03,0.03
131,PMSQ,LOCAL,PART,SHOES,DK,NGBF,0.06,0.02,0.03,0.02,0.02
132,PMSQ,LOCAL,PART,SHOES,DK,NGBF,0.03,0.02,0.03,0.02,0.03
133,PMSQ,LOCAL,PART,SHOES,DK,NGBF,0.28,0.27,0.29,0.26,0.31
134,PMSQ,LOCAL,PART,SHOES,DK,NGBF,0.20,0.19,0.16,0.15,0.18
135,PMSQ,LOCAL,PART,SHOES,DK,NGBF,0.31,0.31,0.28,0.27,0.27
136,PMSQ,LOCAL,PART,SHOES,DK,NGBF,0.15,0.14,0.16,0.15,0.16
137,AQ,LOCAL,PART,SHOES,DK,NGBF,0.04,0.04,0.04,0.04,0.04
138,AQ,LOCAL,PART,SHOES,DK,NGBF,0.05,0.05,0.05,0.04,0.04
139,AQ,LOCAL,PART,SHOES,DK,NGBF,0.02,0.03,0.03,0.02,0.02
140,AQ,LOCAL,PART,SHOES,DK,NGBF,0.02,0.02,0.02,0.02,0.02
141,AQ,LOCAL,PART,SHOES,DK,NGBF,0.02,0.03,0.03,0.02,0.03
142,DQ,LOCAL,PART,SHOES,DK,NGBF,0.03,0.03,0.04,0.04,0.03
143,DQ,LOCAL,PART,SHOES,DK,NGBF,0.04,0.04,0.03,0.04,0.04
144,CFQ,LOCAL,PART,SHOES,DK,NGBF,0.01,0.01,0.02,0.02,0.01
145,CFQ,LOCAL,PART,SHOES,DK,NGBF,0.01,0.02,0.01,0.02,0.01
146,CFQ,LOCAL,PART,SHOES,DK,NGBF,0.02,0.01,0.01,0.02,0.01
147,CFQ,LOCAL,PART,SHOES,DK,NGBF,0.04,0.04,0.04,0.03,0.03
148,CFQ,LOCAL,PART,SHOES,DK,NGBF,0.26,0.27,0.27,0.28,0.28
149,NQ,LOCAL,PART,SHOES|SHOES|SHOES,DK,NGBF,0.58,0.56,0.58,0.60,0.53
150,NQ,LOCAL,PART,SHOES|SHOES,DK,NGBF,0.28,0.30,0.28,0.28,0.29
151,NQ,LOCAL,PART,SHOES,DK,NGBF,0.03,0.04,0.04,0.05,0.04
152,WFQ,LOCAL,PART,SHOES,DK,NGBF,0.85,1.60,1.36,0.91,0.94
153,WFQ,LOCAL,PART,SHOES,DK,NGBF,0.63,0.64,0.67,0.66,0.65
154,WFQ,LOCAL,PART,SHOES,DK,NGBF,0.64,0.70,0.66,0.64,0.74
155,FTSQ,DIST,PART,SHOES,DK,NGBF,0.04,0.03,0.03,0.03,0.02
156,PQ,DIST,PART,SHOES,DK,NGBF,0.02,0.02,0.02,0.01,0.02
157,PQ,DIST,PART,SHOES,DK,NGBF,0.02,0.02,0.02,0.02,0.01
158,PQ,DIST,PART,SHOES,DK,NGBF,0.02,0.02,0.02,0.02,0.01
159,PQ,DIST,PART,SHOES,DK,NGBF,0.02,0.01,0.02,0.01,0.02
160,PQ,DIST,PART,SHOES,DK,NGBF,0.03,0.03,0.03,0.03,0.03
161,PQ,DIST,PART,SHOES,DK,NGBF,0.05,0.03,0.03,0.03,0.02
162,PMSQ,DIST,PART,SHOES,DK,NGBF,0.11,0.08,0.05,0.04,0.04
163,PMSQ,DIST,PART,SHOES,DK,NGBF,0.03,0.03,0.03,0.03,0.03
164,PMSQ,DIST,PART,SHOES,DK,NGBF,0.29,0.25,0.24,0.24,0.25
165,PMSQ,DIST,PART,SHOES,DK,NGBF,0.14,0.15,0.14,0.14,0.15
166,PMSQ,DIST,PART,SHOES,DK,NGBF,0.32,0.30,0.29,0.30,0.30
167,PMSQ,DIST,PART,SHOES,DK,NGBF,0.16,0.16,0.16,0.15,0.15
168,AQ,DIST,PART,SHOES,DK,NGBF,0.04,0.05,0.04,0.04,0.04
169,AQ,DIST,PART,SHOES,DK,NGBF,0.04,0.05,0.04,0.05,0.07
170,AQ,DIST,PART,SHOES,DK,NGBF,0.03,0.03,0.02,0.02,0.02
171,AQ,DIST,PART,SHOES,DK,NGBF,0.02,0.02,0.02,0.03,0.02
172,AQ,DIST,PART,SHOES,DK,NGBF,0.03,0.02,0.02,0.02,0.03
173,DQ,DIST,PART,SHOES,DK,NGBF,0.03,0.03,0.04,0.04,0.03
174,DQ,DIST,PART,SHOES,DK,NGBF,0.04,0.04,0.04,0.04,0.03
175,CFQ,DIST,PART,SHOES,DK,NGBF,0.01,0.01,0.01,0.02,0.02
176,CFQ,DIST,PART,SHOES,DK,NGBF,0.02,0.01,0.02,0.02,0.01
177,CFQ,DIST,PART,SHOES,DK,NGBF,0.01,0.01,0.02,0.01,0.02
178,CFQ,DIST,PART,SHOES,DK,NGBF,0.04,0.04,0.04,0.03,0.04
179,CFQ,DIST,PART,SHOES,DK,NGBF,0.27,0.26,0.28,0.26,0.25
180,NQ,DIST,PART,SHOES|SHOES|SHOES,DK,NGBF,0.58,0.57,0.49,0.51,0.55
181,NQ,DIST,PART,SHOES|SHOES,DK,NGBF,0.32,0.29,0.37,0.37,0.31
182,NQ,DIST,PART,SHOES,DK,NGBF,0.04,0.04,0.04,0.06,0.05
183,WFQ,DIST,PART,SHOES,DK,NGBF,1.26,1.71,0.96,1.08,1.19
184,WFQ,DIST,PART,SHOES,DK,NGBF,0.65,0.66,0.67,0.71,0.68
185,WFQ,DIST,PART,SHOES,DK,NGBF,0.74,0.67,0.71,0.66,0.67
186,FTSQ,LOCAL,NOPART,SHOE_ORDERS,DK,NOINDEX,0.01,0.01,0.01,0.02,0.02
187,PQ,LOCAL,NOPART,SHOE_ORDERS,DK,NOINDEX,0.01,0.02,0.01,0.02,0.01
188,PQ,LOCAL,NOPART,SHOE_ORDERS,DK,NOINDEX,0.05,0.01,0.02,0.01,0.02
189,PQ,LOCAL,NOPART,SHOE_ORDERS,DK,NOINDEX,0.03,0.01,0.01,0.01,0.02
190,PQ,LOCAL,NOPART,SHOE_ORDERS,DK,NOINDEX,0.02,0.02,0.02,0.01,0.02
191,AQ,LOCAL,NOPART,SHOE_ORDERS,DK,NOINDEX,0.05,0.05,0.07,0.04,0.04
192,AQ,LOCAL,NOPART,SHOE_ORDERS,DK,NOINDEX,0.04,0.04,0.03,0.04,0.04
193,CFQ,LOCAL,NOPART,SHOE_ORDERS,DK,NOINDEX,0.09,0.02,0.03,0.02,0.02
194,CFQ,LOCAL,NOPART,SHOE_ORDERS,DK,NOINDEX,0.03,0.02,0.02,0.02,0.02
195,CFQ,LOCAL,NOPART,SHOE_ORDERS,DK,NOINDEX,0.03,0.02,0.02,0.02,0.02
196,NQ,LOCAL,NOPART,SHOE_ORDERS|SHOE_ORDERS,DK,NOINDEX,0.07,0.03,0.03,0.03,0.04
197,NQ,LOCAL,NOPART,SHOE_ORDERS|SHOE_ORDERS,DK,NOINDEX,0.10,0.09,0.10,0.10,0.11
198,NQ,LOCAL,NOPART,SHOE_ORDERS|SHOE_ORDERS,DK,NOINDEX,0.21,0.17,0.16,0.17,0.16
199,WFQ,LOCAL,NOPART,SHOE_ORDERS,DK,NOINDEX,0.59,0.57,0.58,0.58,0.62
200,WFQ,LOCAL,NOPART,SHOE_ORDERS,DK,NOINDEX,0.62,0.58,0.58,0.65,0.58
201,WFQ,LOCAL,NOPART,SHOE_ORDERS,DK,NOINDEX,0.64,0.63,0.64,0.61,0.62
202,FTSQ,DIST,NOPART,SHOE_ORDERS,DK,NOINDEX,0.04,0.02,0.05,0.03,0.03
203,PQ,DIST,NOPART,SHOE_ORDERS,DK,NOINDEX,0.01,0.01,0.01,0.01,0.00
204,PQ,DIST,NOPART,SHOE_ORDERS,DK,NOINDEX,0.03,0.03,0.03,0.02,0.01
205,PQ,DIST,NOPART,SHOE_ORDERS,DK,NOINDEX,0.03,0.03,0.03,0.02,0.03
206,PQ,DIST,NOPART,SHOE_ORDERS,DK,NOINDEX,0.02,0.02,0.01,0.02,0.01
207,AQ,DIST,NOPART,SHOE_ORDERS,DK,NOINDEX,0.06,0.04,0.04,0.04,0.05
208,AQ,DIST,NOPART,SHOE_ORDERS,DK,NOINDEX,0.05,0.04,0.04,0.05,0.05
209,CFQ,DIST,NOPART,SHOE_ORDERS,DK,NOINDEX,0.06,0.05,0.02,0.09,0.02
210,CFQ,DIST,NOPART,SHOE_ORDERS,DK,NOINDEX,0.02,0.03,0.02,0.02,0.02
211,CFQ,DIST,NOPART,SHOE_ORDERS,DK,NOINDEX,0.05,0.02,0.03,0.02,0.03
212,NQ,DIST,NOPART,SHOE_ORDERS|SHOE_ORDERS,DK,NOINDEX,0.04,0.04,0.03,0.04,0.04
213,NQ,DIST,NOPART,SHOE_ORDERS|SHOE_ORDERS,DK,NOINDEX,0.08,0.08,0.09,0.08,0.07
214,NQ,DIST,NOPART,SHOE_ORDERS|SHOE_ORDERS,DK,NOINDEX,0.15,0.15,0.15,0.15,0.16
215,WFQ,DIST,NOPART,SHOE_ORDERS,DK,NOINDEX,0.74,0.60,0.56,0.66,0.65
216,WFQ,DIST,NOPART,SHOE_ORDERS,DK,NOINDEX,0.61,0.64,0.64,0.58,0.55
217,WFQ,DIST,NOPART,SHOE_ORDERS,DK,NOINDEX,0.60,0.63,0.60,0.59,0.61
218,FTSQ,LOCAL,PART,SHOE_ORDERS,DK,NOINDEX,0.02,0.02,0.02,0.01,0.02
219,PQ,LOCAL,PART,SHOE_ORDERS,DK,NOINDEX,0.03,0.02,0.02,0.01,0.01
220,PQ,LOCAL,PART,SHOE_ORDERS,DK,NOINDEX,0.04,0.02,0.02,0.01,0.02
221,PQ,LOCAL,PART,SHOE_ORDERS,DK,NOINDEX,0.04,0.02,0.02,0.02,0.02
222,PQ,LOCAL,PART,SHOE_ORDERS,DK,NOINDEX,0.03,0.01,0.01,0.02,0.01
223,AQ,LOCAL,PART,SHOE_ORDERS,DK,NOINDEX,0.04,0.04,0.04,0.03,0.03
224,AQ,LOCAL,PART,SHOE_ORDERS,DK,NOINDEX,0.03,0.04,0.04,0.04,0.05
225,CFQ,LOCAL,PART,SHOE_ORDERS,DK,NOINDEX,0.05,0.02,0.03,0.03,0.03
226,CFQ,LOCAL,PART,SHOE_ORDERS,DK,NOINDEX,0.03,0.02,0.02,0.02,0.02
227,CFQ,LOCAL,PART,SHOE_ORDERS,DK,NOINDEX,0.02,0.02,0.02,0.02,0.03
228,NQ,LOCAL,PART,SHOE_ORDERS|SHOE_ORDERS,DK,NOINDEX,0.04,0.04,0.04,0.04,0.05
229,NQ,LOCAL,PART,SHOE_ORDERS|SHOE_ORDERS,DK,NOINDEX,0.09,0.09,0.08,0.08,0.08
230,NQ,LOCAL,PART,SHOE_ORDERS|SHOE_ORDERS,DK,NOINDEX,0.16,0.17,0.17,0.16,0.16
231,WFQ,LOCAL,PART,SHOE_ORDERS,DK,NOINDEX,0.54,0.55,0.56,0.60,0.56
232,WFQ,LOCAL,PART,SHOE_ORDERS,DK,NOINDEX,0.62,0.59,0.57,0.54,0.54
233,WFQ,LOCAL,PART,SHOE_ORDERS,DK,NOINDEX,0.61,0.57,0.59,0.59,0.63
234,FTSQ,DIST,PART,SHOE_ORDERS,DK,NOINDEX,0.05,0.02,0.03,0.03,0.03
235,PQ,DIST,PART,SHOE_ORDERS,DK,NOINDEX,0.02,0.01,0.02,0.01,0.01
236,PQ,DIST,PART,SHOE_ORDERS,DK,NOINDEX,0.05,0.04,0.02,0.03,0.02
237,PQ,DIST,PART,SHOE_ORDERS,DK,NOINDEX,0.05,0.03,0.03,0.02,0.03
238,PQ,DIST,PART,SHOE_ORDERS,DK,NOINDEX,0.02,0.01,0.02,0.02,0.02
239,AQ,DIST,PART,SHOE_ORDERS,DK,NOINDEX,0.06,0.06,0.05,0.04,0.05
240,AQ,DIST,PART,SHOE_ORDERS,DK,NOINDEX,0.05,0.05,0.05,0.05,0.04
241,CFQ,DIST,PART,SHOE_ORDERS,DK,NOINDEX,0.06,0.07,0.05,0.04,0.04
242,CFQ,DIST,PART,SHOE_ORDERS,DK,NOINDEX,0.03,0.02,0.02,0.03,0.03
243,CFQ,DIST,PART,SHOE_ORDERS,DK,NOINDEX,0.03,0.02,0.02,0.03,0.02
244,NQ,DIST,PART,SHOE_ORDERS|SHOE_ORDERS,DK,NOINDEX,0.05,0.06,0.04,0.04,0.04
245,NQ,DIST,PART,SHOE_ORDERS|SHOE_ORDERS,DK,NOINDEX,0.10,0.09,0.09,0.09,0.08
246,NQ,DIST,PART,SHOE_ORDERS|SHOE_ORDERS,DK,NOINDEX,0.18,0.19,0.17,0.18,0.18
247,WFQ,DIST,PART,SHOE_ORDERS,DK,NOINDEX,0.57,0.67,0.57,0.57,0.57
248,WFQ,DIST,PART,SHOE_ORDERS,DK,NOINDEX,0.56,0.56,0.56,0.53,0.59
249,WFQ,DIST,PART,SHOE_ORDERS,DK,NOINDEX,0.61,0.60,0.62,0.60,0.61
250,FTSQ,LOCAL,NOPART,SHOE_CUSTOMERS,DK,NOINDEX,0.03,0.02,0.02,0.02,0.02
251,PQ,LOCAL,NOPART,SHOE_CUSTOMERS,DK,NOINDEX,0.01,0.01,0.01,0.01,0.01
252,PQ,LOCAL,NOPART,SHOE_CUSTOMERS,DK,NOINDEX,0.02,0.01,0.01,0.02,0.01
253,PQ,LOCAL,NOPART,SHOE_CUSTOMERS,DK,NOINDEX,0.02,0.01,0.01,0.02,0.01
254,PQ,LOCAL,NOPART,SHOE_CUSTOMERS,DK,NOINDEX,0.03,0.01,0.01,0.01,0.01
255,PQ,LOCAL,NOPART,SHOE_CUSTOMERS,DK,NOINDEX,0.03,0.02,0.02,0.02,0.01
256,PQ,LOCAL,NOPART,SHOE_CUSTOMERS,DK,NOINDEX,0.03,0.02,0.01,0.02,0.01
257,PQ,LOCAL,NOPART,SHOE_CUSTOMERS,DK,NOINDEX,0.04,0.02,0.01,0.01,0.02
258,PQ,LOCAL,NOPART,SHOE_CUSTOMERS,DK,NOINDEX,0.02,0.01,0.02,0.01,0.01
259,PMSQ,LOCAL,NOPART,SHOE_CUSTOMERS,DK,NOINDEX,0.03,0.03,0.03,0.03,0.03
260,PMSQ,LOCAL,NOPART,SHOE_CUSTOMERS,DK,NOINDEX,0.05,0.06,0.06,0.06,0.05
261,PMSQ,LOCAL,NOPART,SHOE_CUSTOMERS,DK,NOINDEX,0.01,0.01,0.01,0.00,0.00
262,PMSQ,LOCAL,NOPART,SHOE_CUSTOMERS,DK,NOINDEX,0.02,0.01,0.01,0.02,0.02
263,PMSQ,LOCAL,NOPART,SHOE_CUSTOMERS,DK,NOINDEX,0.05,0.04,0.04,0.04,0.04
264,AQ,LOCAL,NOPART,SHOE_CUSTOMERS,DK,NOINDEX,0.03,0.03,0.04,0.03,0.04
265,AQ,LOCAL,NOPART,SHOE_CUSTOMERS,DK,NOINDEX,0.05,0.04,0.05,0.05,0.05
266,DQ,LOCAL,NOPART,SHOE_CUSTOMERS,DK,NOINDEX,0.03,0.02,0.02,0.03,0.02
267,DQ,LOCAL,NOPART,SHOE_CUSTOMERS,DK,NOINDEX,0.03,0.03,0.03,0.03,0.02
268,DQ,LOCAL,NOPART,SHOE_CUSTOMERS,DK,NOINDEX,0.03,0.02,0.02,0.02,0.03
269,CFQ,LOCAL,NOPART,SHOE_CUSTOMERS,DK,NOINDEX,0.02,0.03,0.02,0.02,0.03
270,CFQ,LOCAL,NOPART,SHOE_CUSTOMERS,DK,NOINDEX,0.03,0.03,0.02,0.03,0.03
271,CFQ,LOCAL,NOPART,SHOE_CUSTOMERS,DK,NOINDEX,0.02,0.03,0.03,0.02,0.02
272,NQ,LOCAL,NOPART,SHOE_CUSTOMERS|SHOE_CUSTOMERS,DK,NOINDEX,0.62,0.60,0.65,0.59,0.62
273,NQ,LOCAL,NOPART,SHOE_CUSTOMERS|SHOE_CUSTOMERS,DK,NOINDEX,0.05,0.05,0.06,0.05,0.05
274,NQ,LOCAL,NOPART,SHOE_CUSTOMERS|SHOE_CUSTOMERS,DK,NOINDEX,0.07,0.06,0.06,0.06,0.06
275,WFQ,LOCAL,NOPART,SHOE_CUSTOMERS,DK,NOINDEX,0.71,1.11,0.84,0.71,0.74
276,WFQ,LOCAL,NOPART,SHOE_CUSTOMERS,DK,NOINDEX,0.80,0.79,0.80,0.85,0.81
277,WFQ,LOCAL,NOPART,SHOE_CUSTOMERS,DK,NOINDEX,0.70,0.68,0.71,0.69,0.79
278,FTSQ,DIST,NOPART,SHOE_CUSTOMERS,DK,NOINDEX,0.05,0.08,0.02,0.03,0.02
279,PQ,DIST,NOPART,SHOE_CUSTOMERS,DK,NOINDEX,0.01,0.01,0.00,0.01,0.01
280,PQ,DIST,NOPART,SHOE_CUSTOMERS,DK,NOINDEX,0.02,0.01,0.02,0.02,0.01
281,PQ,DIST,NOPART,SHOE_CUSTOMERS,DK,NOINDEX,0.02,0.02,0.02,0.03,0.02
282,PQ,DIST,NOPART,SHOE_CUSTOMERS,DK,NOINDEX,0.02,0.01,0.02,0.01,0.01
283,PQ,DIST,NOPART,SHOE_CUSTOMERS,DK,NOINDEX,0.02,0.01,0.01,0.02,0.02
284,PQ,DIST,NOPART,SHOE_CUSTOMERS,DK,NOINDEX,0.02,0.01,0.02,0.02,0.01
285,PQ,DIST,NOPART,SHOE_CUSTOMERS,DK,NOINDEX,0.03,0.03,0.03,0.02,0.01
286,PQ,DIST,NOPART,SHOE_CUSTOMERS,DK,NOINDEX,0.03,0.02,0.01,0.01,0.02
287,PMSQ,DIST,NOPART,SHOE_CUSTOMERS,DK,NOINDEX,0.05,0.04,0.03,0.06,0.03
288,PMSQ,DIST,NOPART,SHOE_CUSTOMERS,DK,NOINDEX,0.06,0.06,0.05,0.05,0.06
289,PMSQ,DIST,NOPART,SHOE_CUSTOMERS,DK,NOINDEX,0.02,0.01,0.01,0.01,0.01
290,PMSQ,DIST,NOPART,SHOE_CUSTOMERS,DK,NOINDEX,0.02,0.02,0.02,0.02,0.02
291,PMSQ,DIST,NOPART,SHOE_CUSTOMERS,DK,NOINDEX,0.05,0.04,0.05,0.04,0.04
292,AQ,DIST,NOPART,SHOE_CUSTOMERS,DK,NOINDEX,0.05,0.04,0.03,0.03,0.03
293,AQ,DIST,NOPART,SHOE_CUSTOMERS,DK,NOINDEX,0.04,0.05,0.05,0.05,0.05
294,DQ,DIST,NOPART,SHOE_CUSTOMERS,DK,NOINDEX,0.02,0.02,0.03,0.03,0.03
295,DQ,DIST,NOPART,SHOE_CUSTOMERS,DK,NOINDEX,0.03,0.02,0.03,0.03,0.03
296,DQ,DIST,NOPART,SHOE_CUSTOMERS,DK,NOINDEX,0.03,0.03,0.03,0.03,0.03
297,CFQ,DIST,NOPART,SHOE_CUSTOMERS,DK,NOINDEX,0.02,0.03,0.03,0.02,0.02
298,CFQ,DIST,NOPART,SHOE_CUSTOMERS,DK,NOINDEX,0.04,0.03,0.02,0.02,0.02
299,CFQ,DIST,NOPART,SHOE_CUSTOMERS,DK,NOINDEX,0.03,0.03,0.02,0.02,0.02
300,NQ,DIST,NOPART,SHOE_CUSTOMERS|SHOE_CUSTOMERS,DK,NOINDEX,0.63,0.64,0.58,0.59,0.55
301,NQ,DIST,NOPART,SHOE_CUSTOMERS|SHOE_CUSTOMERS,DK,NOINDEX,0.05,0.04,0.05,0.04,0.04
302,NQ,DIST,NOPART,SHOE_CUSTOMERS|SHOE_CUSTOMERS,DK,NOINDEX,0.05,0.04,0.05,0.04,0.05
303,WFQ,DIST,NOPART,SHOE_CUSTOMERS,DK,NOINDEX,0.71,1.15,1.11,0.67,0.90
304,WFQ,DIST,NOPART,SHOE_CUSTOMERS,DK,NOINDEX,0.82,0.76,0.83,1.00,0.78
305,WFQ,DIST,NOPART,SHOE_CUSTOMERS,DK,NOINDEX,0.85,0.74,0.76,0.78,0.74
306,FTSQ,LOCAL,PART,SHOE_CUSTOMERS,DK,NOINDEX,0.04,0.03,0.03,0.03,0.02
307,PQ,LOCAL,PART,SHOE_CUSTOMERS,DK,NOINDEX,0.02,0.02,0.02,0.01,0.02
308,PQ,LOCAL,PART,SHOE_CUSTOMERS,DK,NOINDEX,0.02,0.02,0.02,0.02,0.02
309,PQ,LOCAL,PART,SHOE_CUSTOMERS,DK,NOINDEX,0.02,0.02,0.02,0.02,0.02
310,PQ,LOCAL,PART,SHOE_CUSTOMERS,DK,NOINDEX,0.02,0.01,0.02,0.01,0.02
311,PQ,LOCAL,PART,SHOE_CUSTOMERS,DK,NOINDEX,0.02,0.02,0.02,0.01,0.02
312,PQ,LOCAL,PART,SHOE_CUSTOMERS,DK,NOINDEX,0.02,0.02,0.02,0.02,0.02
313,PQ,LOCAL,PART,SHOE_CUSTOMERS,DK,NOINDEX,0.02,0.02,0.01,0.01,0.02
314,PQ,LOCAL,PART,SHOE_CUSTOMERS,DK,NOINDEX,0.02,0.02,0.02,0.01,0.02
315,PMSQ,LOCAL,PART,SHOE_CUSTOMERS,DK,NOINDEX,0.04,0.03,0.03,0.03,0.03
316,PMSQ,LOCAL,PART,SHOE_CUSTOMERS,DK,NOINDEX,0.06,0.05,0.06,0.05,0.06
317,PMSQ,LOCAL,PART,SHOE_CUSTOMERS,DK,NOINDEX,0.01,0.01,0.02,0.01,0.02
318,PMSQ,LOCAL,PART,SHOE_CUSTOMERS,DK,NOINDEX,0.02,0.02,0.02,0.02,0.02
319,PMSQ,LOCAL,PART,SHOE_CUSTOMERS,DK,NOINDEX,0.05,0.04,0.04,0.04,0.05
320,AQ,LOCAL,PART,SHOE_CUSTOMERS,DK,NOINDEX,0.04,0.03,0.04,0.03,0.04
321,AQ,LOCAL,PART,SHOE_CUSTOMERS,DK,NOINDEX,0.05,0.05,0.05,0.05,0.04
322,DQ,LOCAL,PART,SHOE_CUSTOMERS,DK,NOINDEX,0.03,0.03,0.03,0.03,0.03
323,DQ,LOCAL,PART,SHOE_CUSTOMERS,DK,NOINDEX,0.03,0.04,0.04,0.06,0.04
324,DQ,LOCAL,PART,SHOE_CUSTOMERS,DK,NOINDEX,0.03,0.04,0.03,0.03,0.03
325,CFQ,LOCAL,PART,SHOE_CUSTOMERS,DK,NOINDEX,0.02,0.03,0.02,0.02,0.02
326,CFQ,LOCAL,PART,SHOE_CUSTOMERS,DK,NOINDEX,0.03,0.02,0.03,0.02,0.02
327,CFQ,LOCAL,PART,SHOE_CUSTOMERS,DK,NOINDEX,0.03,0.03,0.02,0.02,0.02
328,NQ,LOCAL,PART,SHOE_CUSTOMERS|SHOE_CUSTOMERS,DK,NOINDEX,0.60,0.62,0.57,0.57,0.55
329,NQ,LOCAL,PART,SHOE_CUSTOMERS|SHOE_CUSTOMERS,DK,NOINDEX,0.04,0.04,0.05,0.04,0.05
330,NQ,LOCAL,PART,SHOE_CUSTOMERS|SHOE_CUSTOMERS,DK,NOINDEX,0.05,0.05,0.05,0.05,0.05
331,WFQ,LOCAL,PART,SHOE_CUSTOMERS,DK,NOINDEX,0.68,0.76,1.19,0.66,0.67
332,WFQ,LOCAL,PART,SHOE_CUSTOMERS,DK,NOINDEX,0.75,0.82,0.95,0.85,0.78
333,WFQ,LOCAL,PART,SHOE_CUSTOMERS,DK,NOINDEX,0.73,0.70,0.81,0.77,0.81
334,FTSQ,DIST,PART,SHOE_CUSTOMERS,DK,NOINDEX,0.04,0.05,0.04,0.03,0.03
335,PQ,DIST,PART,SHOE_CUSTOMERS,DK,NOINDEX,0.02,0.01,0.02,0.01,0.01
336,PQ,DIST,PART,SHOE_CUSTOMERS,DK,NOINDEX,0.03,0.03,0.02,0.02,0.02
337,PQ,DIST,PART,SHOE_CUSTOMERS,DK,NOINDEX,0.02,0.03,0.02,0.02,0.02
338,PQ,DIST,PART,SHOE_CUSTOMERS,DK,NOINDEX,0.02,0.02,0.02,0.02,0.01
339,PQ,DIST,PART,SHOE_CUSTOMERS,DK,NOINDEX,0.03,0.02,0.02,0.02,0.02
340,PQ,DIST,PART,SHOE_CUSTOMERS,DK,NOINDEX,0.02,0.02,0.02,0.02,0.02
341,PQ,DIST,PART,SHOE_CUSTOMERS,DK,NOINDEX,0.02,0.02,0.02,0.01,0.02
342,PQ,DIST,PART,SHOE_CUSTOMERS,DK,NOINDEX,0.03,0.03,0.02,0.02,0.01
343,PMSQ,DIST,PART,SHOE_CUSTOMERS,DK,NOINDEX,0.04,0.04,0.03,0.03,0.03
344,PMSQ,DIST,PART,SHOE_CUSTOMERS,DK,NOINDEX,0.06,0.06,0.06,0.06,0.05
345,PMSQ,DIST,PART,SHOE_CUSTOMERS,DK,NOINDEX,0.01,0.02,0.02,0.02,0.01
346,PMSQ,DIST,PART,SHOE_CUSTOMERS,DK,NOINDEX,0.02,0.02,0.02,0.02,0.02
347,PMSQ,DIST,PART,SHOE_CUSTOMERS,DK,NOINDEX,0.05,0.05,0.05,0.05,0.05
348,AQ,DIST,PART,SHOE_CUSTOMERS,DK,NOINDEX,0.08,0.08,0.07,0.05,0.05
349,AQ,DIST,PART,SHOE_CUSTOMERS,DK,NOINDEX,0.07,0.05,0.05,0.07,0.06
350,DQ,DIST,PART,SHOE_CUSTOMERS,DK,NOINDEX,0.04,0.04,0.04,0.03,0.04
351,DQ,DIST,PART,SHOE_CUSTOMERS,DK,NOINDEX,0.03,0.04,0.04,0.03,0.03
352,DQ,DIST,PART,SHOE_CUSTOMERS,DK,NOINDEX,0.03,0.04,0.04,0.05,0.04
353,CFQ,DIST,PART,SHOE_CUSTOMERS,DK,NOINDEX,0.03,0.03,0.02,0.02,0.01
354,CFQ,DIST,PART,SHOE_CUSTOMERS,DK,NOINDEX,0.03,0.02,0.03,0.03,0.02
355,CFQ,DIST,PART,SHOE_CUSTOMERS,DK,NOINDEX,0.03,0.04,0.03,0.02,0.03
356,NQ,DIST,PART,SHOE_CUSTOMERS|SHOE_CUSTOMERS,DK,NOINDEX,0.61,0.64,0.63,0.57,0.67
357,NQ,DIST,PART,SHOE_CUSTOMERS|SHOE_CUSTOMERS,DK,NOINDEX,0.06,0.06,0.05,0.05,0.06
358,NQ,DIST,PART,SHOE_CUSTOMERS|SHOE_CUSTOMERS,DK,NOINDEX,0.06,0.07,0.07,0.06,0.07
359,WFQ,DIST,PART,SHOE_CUSTOMERS,DK,NOINDEX,0.71,1.01,1.01,0.76,0.70
360,WFQ,DIST,PART,SHOE_CUSTOMERS,DK,NOINDEX,0.83,0.81,0.88,0.85,0.74
361,WFQ,DIST,PART,SHOE_CUSTOMERS,DK,NOINDEX,0.64,0.67,0.76,0.73,0.76
362,FTSQ,LOCAL,NOPART,SHOE_CLICKSTREAM,DK,NOINDEX,0.05,0.01,0.01,0.01,0.02
363,PQ,LOCAL,NOPART,SHOE_CLICKSTREAM,DK,NOINDEX,0.02,0.01,0.02,0.01,0.01
364,PQ,LOCAL,NOPART,SHOE_CLICKSTREAM,DK,NOINDEX,0.05,0.02,0.01,0.01,0.01
365,PQ,LOCAL,NOPART,SHOE_CLICKSTREAM,DK,NOINDEX,0.04,0.02,0.01,0.02,0.01
366,PQ,LOCAL,NOPART,SHOE_CLICKSTREAM,DK,NOINDEX,0.02,0.02,0.01,0.01,0.01
367,PQ,LOCAL,NOPART,SHOE_CLICKSTREAM,DK,NOINDEX,0.04,0.01,0.01,0.01,0.01
368,PQ,LOCAL,NOPART,SHOE_CLICKSTREAM,DK,NOINDEX,0.07,0.02,0.01,0.02,0.02
369,PMSQ,LOCAL,NOPART,SHOE_CLICKSTREAM,DK,NOINDEX,0.31,0.05,0.04,0.04,0.04
370,PMSQ,LOCAL,NOPART,SHOE_CLICKSTREAM,DK,NOINDEX,0.08,0.06,0.07,0.07,0.07
371,AQ,LOCAL,NOPART,SHOE_CLICKSTREAM,DK,NOINDEX,0.05,0.05,0.05,0.07,0.05
372,AQ,LOCAL,NOPART,SHOE_CLICKSTREAM,DK,NOINDEX,0.04,0.04,0.04,0.04,0.04
373,AQ,LOCAL,NOPART,SHOE_CLICKSTREAM,DK,NOINDEX,0.07,0.04,0.05,0.05,0.04
374,AQ,LOCAL,NOPART,SHOE_CLICKSTREAM,DK,NOINDEX,0.04,0.05,0.04,0.04,0.04
375,DQ,LOCAL,NOPART,SHOE_CLICKSTREAM,DK,NOINDEX,0.04,0.04,0.04,0.05,0.04
376,DQ,LOCAL,NOPART,SHOE_CLICKSTREAM,DK,NOINDEX,0.03,0.02,0.03,0.03,0.03
377,CFQ,LOCAL,NOPART,SHOE_CLICKSTREAM,DK,NOINDEX,0.09,0.07,0.09,0.09,0.07
378,CFQ,LOCAL,NOPART,SHOE_CLICKSTREAM,DK,NOINDEX,0.03,0.03,0.03,0.03,0.03
379,CFQ,LOCAL,NOPART,SHOE_CLICKSTREAM,DK,NOINDEX,0.12,0.13,0.10,0.12,0.12
380,NQ,LOCAL,NOPART,SHOE_CLICKSTREAM,DK,NOINDEX,0.03,0.02,0.03,0.03,0.04
381,NQ,LOCAL,NOPART,SHOE_CLICKSTREAM|SHOE_CLICKSTREAM,DK,NOINDEX,0.14,0.15,0.14,0.14,0.15
382,NQ,LOCAL,NOPART,SHOE_CLICKSTREAM|SHOE_CLICKSTREAM,DK,NOINDEX,0.46,1.15,0.81,0.59,0.67
383,WFQ,LOCAL,NOPART,SHOE_CLICKSTREAM,DK,NOINDEX,1.30,0.86,0.90,0.90,0.87
384,WFQ,LOCAL,NOPART,SHOE_CLICKSTREAM,DK,NOINDEX,1.22,1.43,1.44,1.24,1.21
385,WFQ,LOCAL,NOPART,SHOE_CLICKSTREAM,DK,NOINDEX,0.05,0.06,0.05,0.06,0.07
386,FTSQ,DIST,NOPART,SHOE_CLICKSTREAM,DK,NOINDEX,0.07,0.01,0.05,0.04,0.06
387,PQ,DIST,NOPART,SHOE_CLICKSTREAM,DK,NOINDEX,0.02,0.02,0.01,0.01,0.01
388,PQ,DIST,NOPART,SHOE_CLICKSTREAM,DK,NOINDEX,0.05,0.05,0.01,0.04,0.04
389,PQ,DIST,NOPART,SHOE_CLICKSTREAM,DK,NOINDEX,0.03,0.04,0.03,0.02,0.04
390,PQ,DIST,NOPART,SHOE_CLICKSTREAM,DK,NOINDEX,0.02,0.01,0.04,0.04,0.02
391,PQ,DIST,NOPART,SHOE_CLICKSTREAM,DK,NOINDEX,0.04,0.03,0.03,0.04,0.03
392,PQ,DIST,NOPART,SHOE_CLICKSTREAM,DK,NOINDEX,0.04,0.04,0.04,0.02,0.04
393,PMSQ,DIST,NOPART,SHOE_CLICKSTREAM,DK,NOINDEX,0.25,0.26,0.21,0.21,0.19
394,PMSQ,DIST,NOPART,SHOE_CLICKSTREAM,DK,NOINDEX,0.10,0.11,0.23,0.08,0.07
395,AQ,DIST,NOPART,SHOE_CLICKSTREAM,DK,NOINDEX,0.05,0.05,0.05,0.05,0.04
396,AQ,DIST,NOPART,SHOE_CLICKSTREAM,DK,NOINDEX,0.04,0.04,0.04,0.04,0.04
397,AQ,DIST,NOPART,SHOE_CLICKSTREAM,DK,NOINDEX,0.06,0.05,0.03,0.05,0.05
398,AQ,DIST,NOPART,SHOE_CLICKSTREAM,DK,NOINDEX,0.04,0.04,0.04,0.04,0.03
399,DQ,DIST,NOPART,SHOE_CLICKSTREAM,DK,NOINDEX,0.03,0.03,0.03,0.04,0.03
400,DQ,DIST,NOPART,SHOE_CLICKSTREAM,DK,NOINDEX,0.03,0.03,0.04,0.03,0.04
401,CFQ,DIST,NOPART,SHOE_CLICKSTREAM,DK,NOINDEX,0.06,0.05,0.06,0.06,0.06
402,CFQ,DIST,NOPART,SHOE_CLICKSTREAM,DK,NOINDEX,0.02,0.03,0.02,0.03,0.03
403,CFQ,DIST,NOPART,SHOE_CLICKSTREAM,DK,NOINDEX,0.11,0.12,0.12,0.13,0.12
404,NQ,DIST,NOPART,SHOE_CLICKSTREAM,DK,NOINDEX,0.03,0.03,0.03,0.04,0.03
405,NQ,DIST,NOPART,SHOE_CLICKSTREAM|SHOE_CLICKSTREAM,DK,NOINDEX,0.13,0.13,0.12,0.12,0.11
406,NQ,DIST,NOPART,SHOE_CLICKSTREAM|SHOE_CLICKSTREAM,DK,NOINDEX,0.35,0.46,0.45,0.43,0.40
407,WFQ,DIST,NOPART,SHOE_CLICKSTREAM,DK,NOINDEX,1.31,0.86,0.76,0.81,0.85
408,WFQ,DIST,NOPART,SHOE_CLICKSTREAM,DK,NOINDEX,1.41,1.19,1.08,1.09,1.13
409,WFQ,DIST,NOPART,SHOE_CLICKSTREAM,DK,NOINDEX,0.05,0.04,0.04,0.05,0.04
410,FTSQ,LOCAL,PART,SHOE_CLICKSTREAM,DK,NOINDEX,0.03,0.01,0.02,0.01,0.02
411,PQ,LOCAL,PART,SHOE_CLICKSTREAM,DK,NOINDEX,0.03,0.01,0.02,0.01,0.01
412,PQ,LOCAL,PART,SHOE_CLICKSTREAM,DK,NOINDEX,0.04,0.02,0.02,0.02,0.02
413,PQ,LOCAL,PART,SHOE_CLICKSTREAM,DK,NOINDEX,0.03,0.01,0.02,0.02,0.02
414,PQ,LOCAL,PART,SHOE_CLICKSTREAM,DK,NOINDEX,0.02,0.01,0.01,0.02,0.02
415,PQ,LOCAL,PART,SHOE_CLICKSTREAM,DK,NOINDEX,0.03,0.01,0.02,0.01,0.02
416,PQ,LOCAL,PART,SHOE_CLICKSTREAM,DK,NOINDEX,0.03,0.01,0.01,0.02,0.01
417,PMSQ,LOCAL,PART,SHOE_CLICKSTREAM,DK,NOINDEX,0.15,0.04,0.05,0.05,0.05
418,PMSQ,LOCAL,PART,SHOE_CLICKSTREAM,DK,NOINDEX,0.08,0.07,0.07,0.07,0.07
419,AQ,LOCAL,PART,SHOE_CLICKSTREAM,DK,NOINDEX,0.04,0.05,0.06,0.05,0.05
420,AQ,LOCAL,PART,SHOE_CLICKSTREAM,DK,NOINDEX,0.06,0.10,0.09,0.09,0.10
421,AQ,LOCAL,PART,SHOE_CLICKSTREAM,DK,NOINDEX,0.11,0.06,0.05,0.05,0.05
422,AQ,LOCAL,PART,SHOE_CLICKSTREAM,DK,NOINDEX,0.05,0.06,0.05,0.05,0.05
423,DQ,LOCAL,PART,SHOE_CLICKSTREAM,DK,NOINDEX,0.04,0.05,0.05,0.05,0.05
424,DQ,LOCAL,PART,SHOE_CLICKSTREAM,DK,NOINDEX,0.04,0.03,0.03,0.03,0.04
425,CFQ,LOCAL,PART,SHOE_CLICKSTREAM,DK,NOINDEX,0.08,0.06,0.06,0.05,0.06
426,CFQ,LOCAL,PART,SHOE_CLICKSTREAM,DK,NOINDEX,0.03,0.03,0.04,0.03,0.04
427,CFQ,LOCAL,PART,SHOE_CLICKSTREAM,DK,NOINDEX,0.12,0.11,0.12,0.12,0.12
428,NQ,LOCAL,PART,SHOE_CLICKSTREAM,DK,NOINDEX,0.03,0.03,0.03,0.03,0.03
429,NQ,LOCAL,PART,SHOE_CLICKSTREAM|SHOE_CLICKSTREAM,DK,NOINDEX,0.12,0.13,0.17,0.21,0.17
430,NQ,LOCAL,PART,SHOE_CLICKSTREAM|SHOE_CLICKSTREAM,DK,NOINDEX,0.61,0.46,0.65,0.59,0.57
431,WFQ,LOCAL,PART,SHOE_CLICKSTREAM,DK,NOINDEX,0.97,0.92,0.89,0.91,0.90
432,WFQ,LOCAL,PART,SHOE_CLICKSTREAM,DK,NOINDEX,1.25,1.32,1.18,1.47,1.08
433,WFQ,LOCAL,PART,SHOE_CLICKSTREAM,DK,NOINDEX,0.04,0.04,0.04,0.05,0.05
434,FTSQ,DIST,PART,SHOE_CLICKSTREAM,DK,NOINDEX,0.04,0.04,0.05,0.02,0.04
435,PQ,DIST,PART,SHOE_CLICKSTREAM,DK,NOINDEX,0.02,0.02,0.02,0.02,0.02
436,PQ,DIST,PART,SHOE_CLICKSTREAM,DK,NOINDEX,0.04,0.03,0.03,0.02,0.01
437,PQ,DIST,PART,SHOE_CLICKSTREAM,DK,NOINDEX,0.03,0.02,0.02,0.03,0.02
438,PQ,DIST,PART,SHOE_CLICKSTREAM,DK,NOINDEX,0.02,0.02,0.04,0.04,0.02
439,PQ,DIST,PART,SHOE_CLICKSTREAM,DK,NOINDEX,0.02,0.03,0.02,0.02,0.02
440,PQ,DIST,PART,SHOE_CLICKSTREAM,DK,NOINDEX,0.03,0.03,0.01,0.03,0.03
441,PMSQ,DIST,PART,SHOE_CLICKSTREAM,DK,NOINDEX,0.17,0.14,0.12,0.11,0.04
442,PMSQ,DIST,PART,SHOE_CLICKSTREAM,DK,NOINDEX,0.11,0.11,0.07,0.10,0.08
443,AQ,DIST,PART,SHOE_CLICKSTREAM,DK,NOINDEX,0.04,0.04,0.04,0.05,0.04
444,AQ,DIST,PART,SHOE_CLICKSTREAM,DK,NOINDEX,0.03,0.03,0.03,0.03,0.03
445,AQ,DIST,PART,SHOE_CLICKSTREAM,DK,NOINDEX,0.06,0.05,0.04,0.06,0.05
446,AQ,DIST,PART,SHOE_CLICKSTREAM,DK,NOINDEX,0.04,0.04,0.04,0.05,0.04
447,DQ,DIST,PART,SHOE_CLICKSTREAM,DK,NOINDEX,0.04,0.04,0.04,0.04,0.03
448,DQ,DIST,PART,SHOE_CLICKSTREAM,DK,NOINDEX,0.03,0.03,0.03,0.03,0.03
449,CFQ,DIST,PART,SHOE_CLICKSTREAM,DK,NOINDEX,0.04,0.05,0.04,0.03,0.05
450,CFQ,DIST,PART,SHOE_CLICKSTREAM,DK,NOINDEX,0.03,0.03,0.03,0.03,0.02
451,CFQ,DIST,PART,SHOE_CLICKSTREAM,DK,NOINDEX,0.11,0.17,0.09,0.11,0.12
452,NQ,DIST,PART,SHOE_CLICKSTREAM,DK,NOINDEX,0.03,0.04,0.03,0.03,0.03
453,NQ,DIST,PART,SHOE_CLICKSTREAM|SHOE_CLICKSTREAM,DK,NOINDEX,0.11,0.11,0.12,0.12,0.13
454,NQ,DIST,PART,SHOE_CLICKSTREAM|SHOE_CLICKSTREAM,DK,NOINDEX,0.39,0.46,0.54,0.60,0.56
455,WFQ,DIST,PART,SHOE_CLICKSTREAM,DK,NOINDEX,0.96,0.78,0.76,0.83,0.74
456,WFQ,DIST,PART,SHOE_CLICKSTREAM,DK,NOINDEX,1.21,1.02,1.00,1.03,1.04
457,WFQ,DIST,PART,SHOE_CLICKSTREAM,DK,NOINDEX,0.04,0.05,0.04,0.04,0.04
